Vehicle_ID,Timestamp,Engine_RPM,Engine_Temperature,Oil_Temperature,Oil_Pressure,Coolant_Temperature,Battery_Voltage,Vehicle_Speed,Fuel_Consumption,Engine_Vibration,Brake_Temperature
CAR-001,01-01-2026 00:00,3419,86.67,102.25,2.87,87.09,12.43,88.88,8.82,1.89,41.91
CAR-001,01-01-2026 01:00,1183,88.28,95.16,2.54,87.98,13.63,65.39,6.54,1.88,88.57
CAR-001,01-01-2026 02:00,826,96.38,84.79,3.13,89.17,12.67,91.62,5.72,1.57,61.54
CAR-001,01-01-2026 03:00,2208,94.06,104.21,3.59,93.04,14.34,45.42,8.86,2.24,77.11
CAR-001,01-01-2026 04:00,2281,93.66,101.14,2.57,88.42,12.84,9.58,6.63,1.15,56.68
CAR-001,01-01-2026 05:00,3403,97.51,84.88,3.03,95.05,13.74,82.03,5.5,1.95,72.05
CAR-001,01-01-2026 06:00,1802,87.45,91.38,3.98,94.6,13.43,82.15,10.9,2.16,53.74
CAR-001,01-01-2026 07:00,931,97.08,92.03,2.6,98.7,13.45,86.15,6.49,1.75,93.08
CAR-001,01-01-2026 08:00,3433,91.88,87.95,2.87,93.42,12.78,70.15,11.28,1.6,53.16
CAR-001,01-01-2026 09:00,1366,92.64,82.73,2.57,86.64,13.58,95.05,7.96,1.1,62.9
CAR-001,01-01-2026 10:00,2717,92.94,109.13,3.79,85.17,13.79,81.81,8.76,1.4,78.46
CAR-001,01-01-2026 11:00,1256,89.4,84.74,2.5,95.83,13.78,116.63,10.33,1.76,46.38
CAR-001,01-01-2026 12:00,3361,89.48,99.17,3.41,87.29,13.88,64.73,10.45,1.8,40.03
CAR-001,01-01-2026 13:00,2127,92.33,83.36,3.04,99.78,13.97,28.73,6.69,1.85,44.73
CAR-001,01-01-2026 14:00,3797,92.29,82.08,3.64,96.49,12.48,57.03,8.85,1.4,92.35
CAR-001,01-01-2026 15:00,2533,99.47,107.87,3.63,95.35,13.77,47.88,9.7,1.56,93.98
CAR-001,01-01-2026 16:00,2649,86.82,86.74,3.01,93.82,12.71,26.43,5.5,1.95,53.74
CAR-001,01-01-2026 17:00,928,97.89,82.13,2.86,95.03,12.67,15.88,11.55,1.86,68.36
CAR-001,01-01-2026 18:00,2737,97.11,85.71,2.65,91.47,13.13,56.04,10.1,2.01,99.05
CAR-001,01-01-2026 19:00,1203,85.91,101.85,3.7,86.64,12.62,64.35,5.98,1.28,67.76
CAR-001,01-01-2026 20:00,1108,91.65,105.84,3.33,85.76,14.4,100.32,11.78,2.39,90.92
CAR-001,01-01-2026 21:00,1481,91.1,94.44,3.8,98.54,12.56,0.26,7.73,2.39,87.11
CAR-001,01-01-2026 22:00,1968,91.35,108.72,3.99,93.34,13.78,18.58,7.08,2.45,74.75
CAR-001,01-01-2026 23:00,3020,85.91,89.41,2.58,92.15,14.22,63.74,5.4,1.76,91.08
CAR-001,02-01-2026 00:00,1080,93.93,100.26,2.85,86.8,14.16,29.55,9.16,1.93,65.15
CAR-001,02-01-2026 01:00,3190,93.48,89.49,2.89,95.05,12.89,31.87,5.92,1.97,67.43
CAR-001,02-01-2026 02:00,3879,99.04,80.28,3.43,93.44,12.42,64.52,8.54,1.2,60.94
CAR-001,02-01-2026 03:00,1081,98.19,91.09,2.74,97.51,13.75,73.4,11.91,1.98,40.47
CAR-001,02-01-2026 04:00,3071,89.49,99.9,3.91,87.01,12.45,12.84,8.87,1.41,76.29
CAR-001,02-01-2026 05:00,3739,90.14,100.62,3.78,92.58,12.75,108.98,5.36,1.95,89.76
CAR-001,02-01-2026 06:00,980,85.05,103.13,3.46,88.93,13.83,66.2,7.99,1.01,44.51
CAR-001,02-01-2026 07:00,3630,98.56,96.37,3.75,93.74,12.53,15.29,7.16,2.35,87.77
CAR-001,02-01-2026 08:00,963,98.48,86.3,2.87,86.54,13.92,106.1,7.84,1.93,49.27
CAR-001,02-01-2026 09:00,1769,97.97,109.29,3.72,98.22,12.25,88.39,7.33,2.4,88.13
CAR-001,02-01-2026 10:00,3810,97.16,88,3.68,86.62,14.12,103.03,6.56,2.22,67.62
CAR-001,02-01-2026 11:00,2050,97.31,106.14,2.83,94.9,13.08,33.43,5.49,2.16,61.07
CAR-001,02-01-2026 12:00,2886,91,109.43,3.3,99.09,12.45,116.45,6.25,2.44,55.93
CAR-001,02-01-2026 13:00,1244,93.95,90.37,3.68,91.55,14.37,13.88,11.3,1.29,42.66
CAR-001,02-01-2026 14:00,2586,85.03,107.77,3.31,95.79,13.83,80.48,7.55,1.1,79.85
CAR-001,02-01-2026 15:00,2152,94.35,99.9,2.69,98.5,13.32,80.03,7.28,2.05,73.26
CAR-001,02-01-2026 16:00,1585,91.31,108.21,3.52,98.54,13.55,36.11,8.84,1,57.21
CAR-001,02-01-2026 17:00,2560,96.79,98.2,2.98,91.63,13.69,61.34,10.56,2.44,84.16
CAR-001,02-01-2026 18:00,3498,86.27,95.46,3.45,90.03,14,90.14,9.71,1.34,51.95
CAR-001,02-01-2026 19:00,900,85.69,109.52,3.42,96.53,13.2,106.34,9.03,2.08,63.04
CAR-001,02-01-2026 20:00,2436,88.66,99.68,2.51,96.26,13.89,12.79,7.98,1.26,97.48
CAR-001,02-01-2026 21:00,2921,91.97,96.72,3.88,86.82,12.49,55.76,8.72,1.84,59.04
CAR-001,02-01-2026 22:00,3893,98.37,98.38,3.58,92.57,14.03,65.74,11.28,2.12,68.48
CAR-001,02-01-2026 23:00,1861,96.28,105.2,2.92,96.67,13.27,28.71,8.08,2.07,54.07
CAR-001,03-01-2026 00:00,2175,89.8,96.2,2.71,88.47,13.73,84.77,5.45,1.61,72.56
CAR-001,03-01-2026 01:00,2503,85.93,104.99,3.08,96.55,14.28,2.34,11.16,1.86,68.62
CAR-001,03-01-2026 02:00,2240,89.48,91.7,3.84,97.54,13.38,88.16,10.6,2.35,69.29
CAR-001,03-01-2026 03:00,1917,91.54,80.87,3,95.19,13.09,19.81,8.27,1.19,77.34
CAR-001,03-01-2026 04:00,910,98.6,97.76,3.49,86.26,13.14,104.02,6.27,1.39,59.64
CAR-001,03-01-2026 05:00,2662,89.9,102.84,3.07,96.28,14.03,30.27,5.57,1.03,72.37
CAR-001,03-01-2026 06:00,2233,88.36,82.06,3.94,85.6,12.27,29.67,10.87,1.93,54.31
CAR-001,03-01-2026 07:00,2739,95.04,96.92,2.83,95.49,13.89,20.13,9.25,2.12,46.87
CAR-001,03-01-2026 08:00,1470,99.47,83.24,2.54,89.68,13.69,114.98,7.78,2.07,44.56
CAR-001,03-01-2026 09:00,3628,97.46,87.29,3.55,89.52,13.71,96.66,10.57,1.85,42.46
CAR-001,03-01-2026 10:00,2982,91.43,91.12,3.26,90.12,14.07,98.68,5.74,2.44,78.14
CAR-001,03-01-2026 11:00,2683,95.61,93.06,3.6,99.48,12.79,96.98,8.77,1.73,66.13
CAR-001,03-01-2026 12:00,3794,93.89,89.67,2.87,99.02,12.81,54.1,10.25,1.85,80.09
CAR-001,03-01-2026 13:00,2177,85.43,105.53,2.77,88.18,13.96,40.84,11.16,2.05,56.58
CAR-001,03-01-2026 14:00,841,92.75,85.73,2.86,91.1,13.42,28.84,8.33,2.07,66.89
CAR-001,03-01-2026 15:00,870,86.4,86.65,3.54,89.59,13.48,56.79,8.72,1.64,84.76
CAR-001,03-01-2026 16:00,2154,90.28,93.61,2.96,88.46,13.79,37.87,10.2,2.43,81.41
CAR-001,03-01-2026 17:00,1584,88.25,94.53,3.59,99.65,13.35,33.96,5.7,1.29,53.65
CAR-001,03-01-2026 18:00,1534,89.53,101.24,2.69,85.68,12.32,35.06,11.61,1.96,85.17
CAR-001,03-01-2026 19:00,1220,98.09,97.22,3.2,91.61,12.61,6.17,11.59,1.72,89.33
CAR-001,03-01-2026 20:00,2441,92.38,97.31,3.53,87.28,13.98,113.9,5.6,1.37,73.48
CAR-001,03-01-2026 21:00,2504,94.09,103.72,2.84,92.84,13.19,53.13,11.02,2.49,58.32
CAR-001,03-01-2026 22:00,3343,85.9,108.8,2.65,96.44,13.58,31.76,5.57,1.36,73.12
CAR-001,03-01-2026 23:00,1441,85.04,93.52,3.39,89.37,12.71,84.83,9.92,1.68,81.24
CAR-001,04-01-2026 00:00,1883,96.82,98.75,3.49,99.01,13.14,65.35,9.53,2.36,89.6
CAR-001,04-01-2026 01:00,1092,85.89,103.78,3.39,97.36,14.23,52.7,8.28,1.46,64.15
CAR-001,04-01-2026 02:00,1915,92.51,94.81,2.62,85.6,13.15,38.68,6.75,1.14,97.71
CAR-001,04-01-2026 03:00,3156,93.81,80.62,3.65,97.32,13.47,91.57,6.23,1.78,66.53
CAR-001,04-01-2026 04:00,1939,87.72,97.56,3.45,92.38,12.4,41.76,7.33,2.01,91.46
CAR-001,04-01-2026 05:00,2150,91.17,94.86,3.49,91.01,13.87,4.4,5.62,1.38,46.96
CAR-001,04-01-2026 06:00,3964,91.06,95.44,3.98,94.86,13.39,49.59,6.31,1.54,85.39
CAR-001,04-01-2026 07:00,3361,91.63,81.55,2.9,86.97,12.83,105.7,8.39,1.04,77.8
CAR-001,04-01-2026 08:00,1780,95.65,89.32,2.52,91.12,12.69,100.97,5.79,2.42,78.86
CAR-001,04-01-2026 09:00,1430,92.48,101.5,3.26,89.1,14.04,117.63,6.71,1.83,63.02
CAR-001,04-01-2026 10:00,3255,92.62,106.38,3.8,89.14,13.94,49.79,11.54,1.76,89.23
CAR-001,04-01-2026 11:00,1958,95.89,105.12,3.37,94.9,14.1,53.59,8.39,1.5,85.77
CAR-001,04-01-2026 12:00,2345,91.83,89.65,2.78,95.46,13.46,28.03,10.43,1.07,84.68
CAR-001,04-01-2026 13:00,3688,98.7,91.44,3.98,96.89,13.63,18.25,11.75,1.19,97.92
CAR-001,04-01-2026 14:00,2159,98.05,106.23,3.16,92.89,13.21,86.69,7.87,1.98,49.26
CAR-001,04-01-2026 15:00,2723,96.72,87.95,3.43,90.96,12.38,39.43,9.72,1.8,97.25
CAR-001,04-01-2026 16:00,3367,95.78,102.78,3.81,85.54,12.35,75.74,11.45,2.5,84.81
CAR-001,04-01-2026 17:00,2577,99.68,102.81,3.56,86.51,12.57,35.94,5.2,1.49,43.37
CAR-001,04-01-2026 18:00,2268,90.62,84.37,3.3,93.49,13.94,20.4,5.55,2.31,77.18
CAR-001,04-01-2026 19:00,1786,100.47,97.49,2.15,94.57,13.21,80.02,11.29,3.2,57.26
CAR-001,04-01-2026 20:00,3038,95.37,93.25,2.32,93.81,13.61,50.92,6.75,3.77,51.95
CAR-001,04-01-2026 21:00,2375,105.8,83.2,2.37,90.38,12.85,83.91,5.15,3.75,63.75
CAR-001,04-01-2026 22:00,833,101.49,100.57,2.92,85.74,13.53,59.61,11.33,2.93,87.93
CAR-001,04-01-2026 23:00,3286,105.03,86.57,2.09,88.76,13.86,92.1,9.77,2.71,45.83
CAR-001,05-01-2026 00:00,3370,102.7,89.27,2.46,93.69,13.81,10.82,7.07,3.62,50.54
CAR-001,05-01-2026 01:00,1341,104.8,106.29,2.35,92.53,12.8,19.75,11.4,3.92,98.04
CAR-001,05-01-2026 02:00,2008,104.2,90.16,1.97,99.44,12.51,115.98,11.02,3.59,98.8
CAR-001,05-01-2026 03:00,3082,98.49,103.72,1.82,93.05,13.2,80.74,9.71,3.38,89.35
CAR-002,01-01-2026 00:00,2321,86.63,87.01,2.54,98.26,13.44,109.83,6.55,1.09,89.43
CAR-002,01-01-2026 01:00,3671,89.53,92.25,2.71,99.19,12.87,59.11,5.68,2.33,48.14
CAR-002,01-01-2026 02:00,2658,90.57,108.48,3.54,93.1,13.49,87.19,11.2,1.98,90.02
CAR-002,01-01-2026 03:00,3321,91.12,108.55,2.55,90.56,13.18,114.07,10.99,1.15,81.14
CAR-002,01-01-2026 04:00,3030,98.53,99.34,2.59,89.14,14.33,113.88,10.77,1.14,52.73
CAR-002,01-01-2026 05:00,3419,93.96,80.64,3.68,88.65,12.48,67.75,5.48,2.15,52.43
CAR-002,01-01-2026 06:00,1684,97.2,86.99,3.66,96.83,13.51,33.27,11.89,2.48,72.41
CAR-002,01-01-2026 07:00,1514,86.65,105.99,2.7,90.37,13.93,70.66,5.11,1.4,47.61
CAR-002,01-01-2026 08:00,2524,92.89,102.37,3.21,96.67,13.33,13.09,8.53,2.42,42.6
CAR-002,01-01-2026 09:00,3498,92.82,93.74,3.95,85.91,13.25,48.19,9.8,1.74,94.58
CAR-002,01-01-2026 10:00,1101,98.49,89.66,2.72,86.89,13.57,70.24,9.99,1.57,75.84
CAR-002,01-01-2026 11:00,2007,91.81,98.16,2.65,95.53,14.08,78.11,10.38,2.08,52.9
CAR-002,01-01-2026 12:00,2649,98.32,92.41,3.74,90.98,13.81,37.51,7.19,1.38,97.22
CAR-002,01-01-2026 13:00,3613,98.84,82.01,3.75,86.4,12.41,88.66,10.68,1.83,75.19
CAR-002,01-01-2026 14:00,3100,93.43,100.1,3.12,98.1,14.27,50.75,11.41,1.08,57.26
CAR-002,01-01-2026 15:00,2079,90.27,97.34,2.82,94.85,12.69,12.99,10.92,1.55,85.76
CAR-002,01-01-2026 16:00,3151,88.39,92.87,3.34,96.51,13.57,81,8.9,1.91,79.47
CAR-002,01-01-2026 17:00,3640,89.01,85.41,3.55,89.63,12.95,0.73,11.09,1.85,64.05
CAR-002,01-01-2026 18:00,1381,96.11,109.15,2.64,92.96,13.03,54.44,6.1,1.47,59.46
CAR-002,01-01-2026 19:00,3124,93.94,106.5,2.73,96.32,12.31,9.79,8.1,1.64,76.42
CAR-002,01-01-2026 20:00,2496,89.1,102.65,2.67,91.45,12.82,81.42,8.41,2,42.73
CAR-002,01-01-2026 21:00,2418,99.77,81.64,2.81,99.18,13.89,91.7,7.03,1.18,69.84
CAR-002,01-01-2026 22:00,2563,87.64,91.41,3.56,92.5,14.03,96.74,5.5,2.29,42.54
CAR-002,01-01-2026 23:00,876,91.9,82.34,2.97,91.44,13.09,76.82,7.03,1.61,97.97
CAR-002,02-01-2026 00:00,1503,97.02,98.54,3.75,98.8,12.39,101.34,6.7,1.88,71.44
CAR-002,02-01-2026 01:00,2421,98.06,102.37,2.83,96.69,12.37,75.99,8.71,1.29,86.57
CAR-002,02-01-2026 02:00,2238,95.91,104.57,3.72,88.54,12.52,23.67,9.22,2.14,79.33
CAR-002,02-01-2026 03:00,1525,99.27,98.84,3.2,93.46,13.47,81.74,11.17,1.96,99.19
CAR-002,02-01-2026 04:00,2123,97.96,98.82,2.73,86.02,13.17,36.34,6.92,1.08,70.44
CAR-002,02-01-2026 05:00,2071,91.93,81.13,3.05,89.31,13.62,117.28,5.63,1.89,63.07
CAR-002,02-01-2026 06:00,3177,93.31,103.75,3.84,91.75,13.98,78.22,7.25,1.71,49.05
CAR-002,02-01-2026 07:00,1053,91.76,104.33,3.76,99.74,12.39,77.54,5.27,2.06,99.46
CAR-002,02-01-2026 08:00,2946,92.84,84.76,3.06,89.24,13.1,40.6,9.19,2.18,78.84
CAR-002,02-01-2026 09:00,1069,89.95,96.74,3.08,88.78,14.07,115.73,9.22,1.23,44.89
CAR-002,02-01-2026 10:00,3518,87.12,90.49,3.95,95.48,13.06,71.4,11.57,1.46,62.6
CAR-002,02-01-2026 11:00,2145,97.2,100.1,3.74,96.08,13.71,63.17,9.52,1.64,61.71
CAR-002,02-01-2026 12:00,2285,89.63,108.54,3.01,96.49,12.62,120,6.08,1.44,87.29
CAR-002,02-01-2026 13:00,2879,96.56,105.05,3.83,85.57,12.94,91.96,5.92,1.57,49.73
CAR-002,02-01-2026 14:00,3637,96.57,104.27,2.75,91.57,13.1,81.16,6.66,1.67,57.1
CAR-002,02-01-2026 15:00,3866,96.76,87.02,2.86,99.48,13.93,108.48,6.36,2.02,74.23
CAR-002,02-01-2026 16:00,2604,91.93,88.45,3.07,92.91,14.33,98.03,10.61,1.21,55
CAR-002,02-01-2026 17:00,3426,92.21,91.14,3.9,95.67,13.34,14.96,5.59,1.24,66.96
CAR-002,02-01-2026 18:00,2902,87.21,93.12,3.92,88.33,13.19,41.95,5.19,1.08,70.12
CAR-002,02-01-2026 19:00,1765,90.79,82.45,2.84,89.78,12.42,85.76,7.35,1.22,42.3
CAR-002,02-01-2026 20:00,2735,95.44,84.16,3.56,91.73,12.21,9.51,6.79,2.25,72.93
CAR-002,02-01-2026 21:00,3778,94.13,92.7,3.66,88.56,12.47,28.61,9.47,1.93,43.77
CAR-002,02-01-2026 22:00,2847,93.95,80.49,3.27,88.63,12.52,51.51,9.3,1.36,64.99
CAR-002,02-01-2026 23:00,3521,95.02,95.7,3.04,99.3,13.4,94.37,8.55,1.03,92.4
CAR-002,03-01-2026 00:00,978,94.54,109.43,2.88,85.24,13.93,41.38,10.13,1.94,86.29
CAR-002,03-01-2026 01:00,3811,96.35,84,3.03,90.08,13.61,99.65,9.79,2.47,68.71
CAR-002,03-01-2026 02:00,1546,97.17,81.89,3.66,91.87,12.85,5.26,6.4,1.06,96
CAR-002,03-01-2026 03:00,2911,90.97,104.46,3.21,85.55,13.62,34.33,11.03,1.07,79.34
CAR-002,03-01-2026 04:00,1919,86.87,91.04,3.83,96.15,14.17,46.4,11.82,1.74,69.85
CAR-002,03-01-2026 05:00,2926,89,82.48,3.14,91.46,14.39,21.65,7.06,1.15,59.68
CAR-002,03-01-2026 06:00,2010,89.6,98.08,3.14,95.35,12.97,5.08,11.09,1.53,99.89
CAR-002,03-01-2026 07:00,1924,94.59,103.74,2.59,95.07,13.09,61.57,10.25,1.24,41.87
CAR-002,03-01-2026 08:00,3288,95.17,93.15,2.69,88.54,13.62,43.46,11.65,1.05,49.21
CAR-002,03-01-2026 09:00,2642,99.23,91.16,3.64,93.61,13.36,47.76,9.55,1.37,46.81
CAR-002,03-01-2026 10:00,3813,87.79,95.53,3.87,86.77,13.9,84.48,6.5,1.92,81.64
CAR-002,03-01-2026 11:00,2811,88,84.07,2.61,87.59,13.77,119.67,10.67,2.45,99.19
CAR-002,03-01-2026 12:00,3535,90.21,81.95,3.31,98.37,14.07,85.42,11.49,1.96,87.62
CAR-002,03-01-2026 13:00,2883,88.36,109.55,3.69,88.55,13.29,43.31,9.01,1.7,98.98
CAR-002,03-01-2026 14:00,1331,94.18,82.59,2.96,99.99,13.78,63.08,10.38,2.24,44.43
CAR-002,03-01-2026 15:00,2098,94.64,93.5,3.52,90.17,14.13,93.63,9.48,1.27,97.98
CAR-002,03-01-2026 16:00,2572,92.54,106.05,3.75,92.77,12.87,19.44,11.54,1.34,96.85
CAR-002,03-01-2026 17:00,2925,98.42,105.38,2.88,94.53,13.41,15.02,7.12,1.8,70.15
CAR-002,03-01-2026 18:00,1490,93.88,97.42,2.76,94.37,14.18,40.51,11.47,1.06,91.83
CAR-002,03-01-2026 19:00,1132,85.68,99.24,3.37,94.77,13.89,49.99,9.47,1.75,77.63
CAR-002,03-01-2026 20:00,1986,94.63,89.06,2.87,97.11,13.09,54.43,9.82,1.24,64.94
CAR-002,03-01-2026 21:00,2702,88.06,98.2,2.97,95.78,13.82,103.29,11.83,1.2,62.23
CAR-002,03-01-2026 22:00,3100,86.59,87.25,2.68,91.74,12.51,6.07,11.62,2.3,65.09
CAR-002,03-01-2026 23:00,1454,97.2,108.01,3.58,87.85,12.55,119.52,8.27,2.32,69.84
CAR-002,04-01-2026 00:00,1168,99.18,95.16,3.95,88.23,12.98,6.06,8.46,2.32,79.26
CAR-002,04-01-2026 01:00,2727,89.29,80.25,2.66,87.01,12.78,43.89,7.82,1.07,43.07
CAR-002,04-01-2026 02:00,3101,87.92,96.6,2.61,92.56,13.88,33.57,11.92,2.02,47.13
CAR-002,04-01-2026 03:00,1196,90.91,103.85,3.01,99.08,13.86,23.89,8.56,1.75,42.72
CAR-002,04-01-2026 04:00,1361,95.7,104.12,3.28,87.23,14.16,16.77,11.52,1.48,63.58
CAR-002,04-01-2026 05:00,3325,96.09,88.98,3,97.42,13.37,85.05,7.1,2.22,62.1
CAR-002,04-01-2026 06:00,3559,86.64,92.5,2.96,98.48,14.12,75.51,9.18,1.4,79.34
CAR-002,04-01-2026 07:00,3979,93.68,86.83,2.58,92.21,13.35,86.54,10.42,1.57,89.3
CAR-002,04-01-2026 08:00,1792,85.47,108.45,2.66,85.28,12.89,18.17,9.83,1.62,86.5
CAR-002,04-01-2026 09:00,2731,98.09,102.08,2.59,87.07,12.66,39.01,9.64,1.79,58.83
CAR-002,04-01-2026 10:00,1509,91.89,95.99,3.32,95.14,14.11,81.69,10.63,1.4,69.05
CAR-002,04-01-2026 11:00,1809,89.19,88.95,3.91,99.73,13.9,84.59,9.83,1.73,68.79
CAR-002,04-01-2026 12:00,3095,99.01,103.86,2.91,86.83,13.69,45.56,11.86,2.23,97.28
CAR-002,04-01-2026 13:00,1399,89.36,88.63,3.57,90.2,13.17,30.77,8.35,1.3,72.31
CAR-002,04-01-2026 14:00,3102,95.44,84.12,3.42,93.8,12.73,80.38,8.72,1.96,43.15
CAR-002,04-01-2026 15:00,2492,89.95,94.17,3.52,87.06,14.32,117.35,6.11,1.98,92.84
CAR-002,04-01-2026 16:00,2748,92.16,85.98,3.95,89.82,13.62,108.95,5.63,1.86,72.11
CAR-002,04-01-2026 17:00,3761,97.75,81.12,3.88,91.27,14.04,112.07,5.25,2.25,87.28
CAR-002,04-01-2026 18:00,1563,101.5,108.86,3.08,98.15,12.22,68.16,5.75,2.38,57.07
CAR-002,04-01-2026 19:00,3426,103,94.82,2.96,97.77,13.23,23.14,5.79,2.56,67.53
CAR-002,04-01-2026 20:00,1853,104.5,80.42,2.84,89.43,13.68,23.18,9.28,2.74,64.33
CAR-002,04-01-2026 21:00,2551,106,82.6,2.72,87.77,12.51,38.83,6.74,2.92,54.13
CAR-002,04-01-2026 22:00,3887,107.5,89.89,2.6,93.59,12.78,43.15,6.65,3.1,67.92
CAR-002,04-01-2026 23:00,1454,109,95.08,2.48,95.55,12.88,14.09,11.41,3.28,76.88
CAR-002,05-01-2026 00:00,1697,110.5,94.35,2.36,99.83,13.02,84.23,11.39,3.46,88.12
CAR-002,05-01-2026 01:00,1694,112,100.41,2.24,96.81,13.36,63.38,7.53,3.64,46.73
CAR-002,05-01-2026 02:00,3043,113.5,86.06,2.12,87.47,14.08,53.02,9.76,3.82,69.33
CAR-002,05-01-2026 03:00,2890,115,81.67,2,91.23,13.44,67.06,9.71,4,41.31
CAR-003,01-01-2026 00:00,1842,97.25,102.37,3.37,85.68,12.96,7.65,11.96,2.4,44.14
CAR-003,01-01-2026 01:00,2733,85.48,92.27,3.65,96.49,14.35,77.51,7.94,2.49,62.95
CAR-003,01-01-2026 02:00,2346,90.63,100.48,3.49,93.09,13.64,41.73,6.25,1.81,71.73
CAR-003,01-01-2026 03:00,3781,99.68,105.04,3.63,99.68,13.22,86.29,7.97,1.57,53.78
CAR-003,01-01-2026 04:00,2686,90.19,88.27,3.91,95.88,12.45,97.14,7.93,2.15,93.03
CAR-003,01-01-2026 05:00,864,88.61,82.02,3.39,91.7,13.68,104.67,6.71,1.07,66.34
CAR-003,01-01-2026 06:00,3010,88.26,105.91,2.58,92.56,12.84,97.89,10.12,1.48,75.88
CAR-003,01-01-2026 07:00,3554,97.28,87.11,3.81,99.79,13.35,49.63,6.93,1.84,75.5
CAR-003,01-01-2026 08:00,3811,98.67,98.78,3.14,92.43,14.34,112.99,9.7,2.18,59.12
CAR-003,01-01-2026 09:00,2505,91.12,89,2.78,93.07,12.73,27.04,11,1.22,67.78
CAR-003,01-01-2026 10:00,1036,93.44,109.03,3.34,87.01,12.73,24.4,9.53,2.38,90.83
CAR-003,01-01-2026 11:00,1178,93.03,104.88,2.58,90.66,13.53,4.75,5.51,2.21,75.26
CAR-003,01-01-2026 12:00,3550,93.38,94.38,3.8,89.99,14.31,1.84,11.56,2.44,47.04
CAR-003,01-01-2026 13:00,3889,92.18,87.28,3.41,88.07,14.21,66.25,10.43,1.57,72.02
CAR-003,01-01-2026 14:00,2271,89.63,90.79,3.82,91.99,13.97,86.69,10.33,1.48,52.19
CAR-003,01-01-2026 15:00,2081,91.21,96.88,2.83,87.19,12.77,112.17,9.05,1.63,49.14
CAR-003,01-01-2026 16:00,2151,88.45,97.09,2.87,93.26,14.28,40.51,10.34,1.73,83.41
CAR-003,01-01-2026 17:00,3829,92.36,85.05,3.69,87.54,13.78,58.6,11.42,1.81,78.51
CAR-003,01-01-2026 18:00,1040,92.86,105.17,2.61,97.27,12.31,0.77,5.96,1.95,44.08
CAR-003,01-01-2026 19:00,1418,85.14,95.17,3.06,94.27,13.67,73.98,8.38,1.73,40.4
CAR-003,01-01-2026 20:00,3059,91.17,80.5,3.58,93.04,12.83,60.27,9.89,1.65,96.38
CAR-003,01-01-2026 21:00,1534,86.61,82.89,2.72,87.88,13.36,97.83,6.87,1.6,62.38
CAR-003,01-01-2026 22:00,2463,91.88,87.3,3.55,89.5,14.02,9.67,11.94,1.97,41.9
CAR-003,01-01-2026 23:00,2460,90.69,96.58,2.58,85.14,12.58,59.98,8.04,2.18,73.95
CAR-003,02-01-2026 00:00,1190,98.42,107.57,2.84,98.52,13.72,68.01,6.9,2.39,81.07
CAR-003,02-01-2026 01:00,1948,98.49,96.91,2.55,98.93,12.89,115.38,9.11,2.13,82.76
CAR-003,02-01-2026 02:00,2431,98.93,88.98,3.35,93.5,14.07,81.24,8.78,1.58,84.38
CAR-003,02-01-2026 03:00,3623,95.86,95.02,3.96,85.81,13.16,100.64,7.38,2.15,97.29
CAR-003,02-01-2026 04:00,2424,99.53,89.79,3.45,96.75,13.19,27.38,8.87,1.56,51.14
CAR-003,02-01-2026 05:00,3199,94.91,82.57,3.43,96.97,13.77,9.84,6.08,2.07,78.03
CAR-003,02-01-2026 06:00,3829,90.84,90.82,2.64,99.14,13.18,91.36,5.72,1.13,65.86
CAR-003,02-01-2026 07:00,3081,93.32,92.24,2.54,90.31,12.4,71.77,7.27,1.58,57.51
CAR-003,02-01-2026 08:00,2388,96.69,101.75,3.34,99.89,12.73,62.53,9.8,1.25,56.14
CAR-003,02-01-2026 09:00,1899,92.4,81.9,3.15,91.32,13.27,9.23,6.76,1.37,77.5
CAR-003,02-01-2026 10:00,3232,94.25,93.74,2.7,85.1,13.07,100.99,7.66,2.29,66.41
CAR-003,02-01-2026 11:00,2563,97.23,105.79,3.96,87.04,12.91,113.67,6.41,1.47,97.87
CAR-003,02-01-2026 12:00,2107,89.37,100.85,3.24,93.64,12.73,45.13,10.72,1.59,46.83
CAR-003,02-01-2026 13:00,3109,88,109.92,2.77,96.51,12.26,87.27,11.6,1.31,87.86
CAR-003,02-01-2026 14:00,3637,86.04,105.43,3.69,95.09,12.51,36.34,6.77,1.23,65.39
CAR-003,02-01-2026 15:00,2344,86.11,109.72,3.22,91.01,13.31,110.45,9.84,1.82,87.44
CAR-003,02-01-2026 16:00,2272,95.52,104.37,3.39,98.72,12.44,29.79,9.65,1.25,76.76
CAR-003,02-01-2026 17:00,3106,99.75,100.32,3.1,96.29,14.32,51.65,5.07,1.39,70.64
CAR-003,02-01-2026 18:00,2924,93.37,100.63,2.83,90.61,13.22,81.55,9.83,1.23,99.86
CAR-003,02-01-2026 19:00,2777,86.57,92.48,3.94,86.74,14.27,17,7.18,1.68,52.41
CAR-003,02-01-2026 20:00,2778,90.22,82.93,3.58,91.79,12.35,5.36,9.98,1.03,60.58
CAR-003,02-01-2026 21:00,1247,95.16,84.93,3.98,88.66,12.58,19.22,8.92,2.44,53.91
CAR-003,02-01-2026 22:00,2459,94.45,85.59,3.49,90.93,13.82,105.97,8.15,1.64,40.27
CAR-003,02-01-2026 23:00,1679,88.09,102.57,3.71,85.94,12.42,104.64,6.31,1.49,67.45
CAR-003,03-01-2026 00:00,1874,95.06,94.68,3.95,89.7,13.06,47.11,5.8,1.53,67.47
CAR-003,03-01-2026 01:00,1506,97.21,101.18,2.95,94.22,12.39,16.07,5.83,1.46,50.98
CAR-003,03-01-2026 02:00,3640,87.12,91.65,3.39,93.62,13.13,58.4,8.76,2.38,95.84
CAR-003,03-01-2026 03:00,1509,93.32,94.69,2.71,89.72,13.19,6.43,7.51,1.01,48.19
CAR-003,03-01-2026 04:00,2372,99.46,95.16,3.24,95.27,13.11,100.79,8.42,1.12,41.85
CAR-003,03-01-2026 05:00,3917,88.31,80.98,2.84,89.33,13.92,67.88,10.41,1.74,70.65
CAR-003,03-01-2026 06:00,3145,86.71,103.25,3.73,90.5,14.01,4.99,10.03,1.82,99.39
CAR-003,03-01-2026 07:00,1219,96.04,99.61,2.87,98.12,12.27,31.54,11.04,1.13,91.92
CAR-003,03-01-2026 08:00,1280,96.63,87.11,3.72,93.82,12.97,85.29,9.43,1.25,48.35
CAR-003,03-01-2026 09:00,1646,97.2,104.16,3.36,92.98,13.51,20.21,11.85,1.44,74.36
CAR-003,03-01-2026 10:00,2907,99.78,100.38,2.64,99.44,13.93,110.25,11.95,2.3,47.61
CAR-003,03-01-2026 11:00,1343,88.75,101.34,3.74,96.42,13.69,58.74,9.04,1.4,64.85
CAR-003,03-01-2026 12:00,2651,86.13,103.84,3.65,91.04,13.85,83.36,11.14,1.68,69.28
CAR-003,03-01-2026 13:00,3183,85.04,103.22,3.6,95.96,13.21,79.7,7.51,1.09,72.07
CAR-003,03-01-2026 14:00,1692,99.52,104.75,3.24,89.84,12.82,65.68,5.91,2.28,87.3
CAR-003,03-01-2026 15:00,3595,96.43,81.38,3.44,97.55,12.24,111.53,6.11,1.68,99.51
CAR-003,03-01-2026 16:00,2552,88.03,100.66,2.7,94.75,12.55,111.93,6.92,1.98,55.02
CAR-003,03-01-2026 17:00,2323,94.97,99.47,2.58,94.38,13.8,90.63,8,1.14,45.71
CAR-003,03-01-2026 18:00,1674,92.15,83.98,2.84,95.2,12.22,83.47,10.72,2.48,65.34
CAR-003,03-01-2026 19:00,1341,92.17,86.87,2.63,97.09,12.43,44.11,7.09,1.57,88.8
CAR-003,03-01-2026 20:00,1345,94.62,100.31,2.6,93.45,13.54,19.69,7.46,1.32,84.9
CAR-003,03-01-2026 21:00,2486,94.24,93.27,2.83,98.45,12.51,14.78,10.11,1.53,65.76
CAR-003,03-01-2026 22:00,1372,88.72,99.34,2.87,94.01,13.79,34.19,11.59,1.04,90.82
CAR-003,03-01-2026 23:00,2035,88.08,98.21,2.78,90.88,13.62,94.06,10.56,1.36,63.15
CAR-003,04-01-2026 00:00,1787,92.49,97.82,3.29,99.67,14.37,112.07,5.92,2.29,74.1
CAR-003,04-01-2026 01:00,2296,93.2,85.18,3.21,99.81,12.36,70.48,5.1,1.32,95.35
CAR-003,04-01-2026 02:00,2430,92.6,98.86,3.25,91.23,13.74,9.89,8.76,1.92,56.65
CAR-003,04-01-2026 03:00,2069,86.19,107.63,3.96,87.33,12.92,70.37,10.34,1.97,78.59
CAR-003,04-01-2026 04:00,2070,95.48,101.9,3.77,85.87,12.39,52.14,8.17,1.91,58.56
CAR-003,04-01-2026 05:00,3837,94.87,85.27,2.52,87.06,12.22,59.57,7.43,1.78,89.35
CAR-003,04-01-2026 06:00,1861,87.5,83.81,3.67,89.03,14.15,92.57,5.21,2.21,56.32
CAR-003,04-01-2026 07:00,1061,88.94,109.25,3.44,92.44,13.32,6.65,11.02,1.25,49.44
CAR-003,04-01-2026 08:00,3967,86.54,97.22,3.58,88.43,13.32,5.28,11.04,1.37,68.31
CAR-003,04-01-2026 09:00,2368,98.8,85.37,3.94,85.53,13.97,85.68,9.59,1.34,54.9
CAR-003,04-01-2026 10:00,3750,89.8,104.78,3.36,86.79,13.68,6.32,6.56,1.77,42.76
CAR-003,04-01-2026 11:00,2442,86.03,93.95,2.92,97.67,12.92,66.37,5.06,1.3,73.83
CAR-003,04-01-2026 12:00,2044,96.09,87.28,3.05,99.58,14.4,93.11,10.13,1.82,87.76
CAR-003,04-01-2026 13:00,1416,85.1,92.3,2.85,90.2,14.05,105.26,11.66,1,79.44
CAR-003,04-01-2026 14:00,3823,95.91,83.12,3.29,88.57,13.28,7.19,11.98,2.07,45.58
CAR-003,04-01-2026 15:00,1748,98.46,95.59,3.55,90.59,14.34,10.19,5.67,1.2,89.2
CAR-003,04-01-2026 16:00,1106,93.88,81.87,3.49,86.96,12.84,102.11,11.48,1.59,89.91
CAR-003,04-01-2026 17:00,2136,89.77,88.16,2.61,88.04,13.92,70.16,6.09,1.25,67.96
CAR-003,04-01-2026 18:00,2465,86.81,90.75,3.66,91.78,13.22,102.3,5.63,2.21,58.25
CAR-003,04-01-2026 19:00,3686,103.45,81.21,3.05,89.92,12.4,29.79,7.49,3.27,80.63
CAR-003,04-01-2026 20:00,1865,105.3,85.22,3.23,97.82,13.42,66.01,5.66,2.65,87.63
CAR-003,04-01-2026 21:00,1297,93.18,104.91,3.27,86.96,14.01,44.67,9.41,3.47,74.94
CAR-003,04-01-2026 22:00,1860,106.76,82.25,3.3,87.97,13.62,97.12,5.64,3.77,88.53
CAR-003,04-01-2026 23:00,1301,93.64,93.83,2.05,93.61,14.01,47.4,5.21,3.52,50.37
CAR-003,05-01-2026 00:00,1679,106.62,88.25,2.47,87.23,13.55,74.04,9.53,3.25,92.97
CAR-003,05-01-2026 01:00,2762,93.91,88.39,2.01,87.99,14.15,63.1,9.42,3.7,87.69
CAR-003,05-01-2026 02:00,2366,104.73,90.77,2.62,92.27,14.21,60.29,7.72,2.77,59.13
CAR-003,05-01-2026 03:00,1697,93.44,104.32,2.22,97.13,13.24,42.89,9.09,2.85,49.58
CAR-004,02-01-2026 00:00,2700,92,90,3.4,94,13.1,78,8.8,1.9,82
CAR-004,02-01-2026 01:00,2703,92.15,90.1,3.41,94.1,13.095,78.5,8.82,1.91,82.2
CAR-004,02-01-2026 02:00,2706,92.3,90.2,3.42,94.2,13.09,79,8.84,1.92,82.4
CAR-004,02-01-2026 03:00,2709,92.45,90.3,3.43,94.3,13.085,79.5,8.86,1.93,82.6
CAR-004,02-01-2026 04:00,2712,92.6,90.4,3.44,94.4,13.08,80,8.88,1.94,82.8
CAR-004,02-01-2026 05:00,2715,92.75,90.5,3.45,94.5,13.075,80.5,8.9,1.95,83
CAR-004,02-01-2026 06:00,2718,92.9,90.6,3.46,94.6,13.07,81,8.92,1.96,83.2
CAR-004,02-01-2026 07:00,2721,93.05,90.7,3.47,94.7,13.065,81.5,8.94,1.97,83.4
CAR-004,02-01-2026 08:00,2724,93.2,90.8,3.48,94.8,13.06,82,8.96,1.98,83.6
CAR-004,02-01-2026 09:00,2727,93.35,90.9,3.49,94.9,13.055,82.5,8.98,1.99,83.8
CAR-004,02-01-2026 10:00,2730,93.5,91,3.5,95,13.05,83,9,2,84
